seed	assay	model	fp	log_path	out_path	train_csv	fp_dir
1	ATG_Ahr_CIS	gbt	Layered	/home1/won0316/_RESEARCH/0817_Genotoxicity/1_Git_upload/ChemBAI/ToxCast_model/experiments/training/DART_MTL/logs/seed_multi/multi_ATG_Ahr_CIS_gbt_Layered.log	/home1/won0316/_RESEARCH/0817_Genotoxicity/1_Git_upload/ChemBAI/ToxCast_model/experiments/training/DART_MTL/results/backup/seed_1/ATG_Ahr_CIS_gbt_Layered/model.joblib	/home1/won0316/_RESEARCH/0817_Genotoxicity/1_Git_upload/ChemBAI/ToxCast_model/experiments/training/DART_MTL/data/seed_1/train_df.csv	/home1/won0316/_RESEARCH/0817_Genotoxicity/1_Git_upload/ChemBAI/ToxCast_model/experiments/training/DART_MTL/data/seed_1/fingerprints/train
1	ATG_Ahr_CIS	gbt	Pattern	/home1/won0316/_RESEARCH/0817_Genotoxicity/1_Git_upload/ChemBAI/ToxCast_model/experiments/training/DART_MTL/logs/seed_multi/multi_ATG_Ahr_CIS_gbt_Pattern.log	/home1/won0316/_RESEARCH/0817_Genotoxicity/1_Git_upload/ChemBAI/ToxCast_model/experiments/training/DART_MTL/results/backup/seed_1/ATG_Ahr_CIS_gbt_Pattern/model.joblib	/home1/won0316/_RESEARCH/0817_Genotoxicity/1_Git_upload/ChemBAI/ToxCast_model/experiments/training/DART_MTL/data/seed_1/train_df.csv	/home1/won0316/_RESEARCH/0817_Genotoxicity/1_Git_upload/ChemBAI/ToxCast_model/experiments/training/DART_MTL/data/seed_1/fingerprints/train
1	ATG_Ahr_CIS	gbt	RDKit	/home1/won0316/_RESEARCH/0817_Genotoxicity/1_Git_upload/ChemBAI/ToxCast_model/experiments/training/DART_MTL/logs/seed_multi/multi_ATG_Ahr_CIS_gbt_RDKit.log	/home1/won0316/_RESEARCH/0817_Genotoxicity/1_Git_upload/ChemBAI/ToxCast_model/experiments/training/DART_MTL/results/backup/seed_1/ATG_Ahr_CIS_gbt_RDKit/model.joblib	/home1/won0316/_RESEARCH/0817_Genotoxicity/1_Git_upload/ChemBAI/ToxCast_model/experiments/training/DART_MTL/data/seed_1/train_df.csv	/home1/won0316/_RESEARCH/0817_Genotoxicity/1_Git_upload/ChemBAI/ToxCast_model/experiments/training/DART_MTL/data/seed_1/fingerprints/train
2	ATG_Ahr_CIS	logistic	Layered	/home1/won0316/_RESEARCH/0817_Genotoxicity/1_Git_upload/ChemBAI/ToxCast_model/experiments/training/DART_MTL/logs/seed_multi/multi_ATG_Ahr_CIS_logistic_Layered.log	/home1/won0316/_RESEARCH/0817_Genotoxicity/1_Git_upload/ChemBAI/ToxCast_model/experiments/training/DART_MTL/results/backup/seed_2/ATG_Ahr_CIS_logistic_Layered/model.joblib	/home1/won0316/_RESEARCH/0817_Genotoxicity/1_Git_upload/ChemBAI/ToxCast_model/experiments/training/DART_MTL/data/seed_2/train_df.csv	/home1/won0316/_RESEARCH/0817_Genotoxicity/1_Git_upload/ChemBAI/ToxCast_model/experiments/training/DART_MTL/data/seed_2/fingerprints/train
2	ATG_Ahr_CIS	logistic	Pattern	/home1/won0316/_RESEARCH/0817_Genotoxicity/1_Git_upload/ChemBAI/ToxCast_model/experiments/training/DART_MTL/logs/seed_multi/multi_ATG_Ahr_CIS_logistic_Pattern.log	/home1/won0316/_RESEARCH/0817_Genotoxicity/1_Git_upload/ChemBAI/ToxCast_model/experiments/training/DART_MTL/results/backup/seed_2/ATG_Ahr_CIS_logistic_Pattern/model.joblib	/home1/won0316/_RESEARCH/0817_Genotoxicity/1_Git_upload/ChemBAI/ToxCast_model/experiments/training/DART_MTL/data/seed_2/train_df.csv	/home1/won0316/_RESEARCH/0817_Genotoxicity/1_Git_upload/ChemBAI/ToxCast_model/experiments/training/DART_MTL/data/seed_2/fingerprints/train
2	ATG_Ahr_CIS	logistic	RDKit	/home1/won0316/_RESEARCH/0817_Genotoxicity/1_Git_upload/ChemBAI/ToxCast_model/experiments/training/DART_MTL/logs/seed_multi/multi_ATG_Ahr_CIS_logistic_RDKit.log	/home1/won0316/_RESEARCH/0817_Genotoxicity/1_Git_upload/ChemBAI/ToxCast_model/experiments/training/DART_MTL/results/backup/seed_2/ATG_Ahr_CIS_logistic_RDKit/model.joblib	/home1/won0316/_RESEARCH/0817_Genotoxicity/1_Git_upload/ChemBAI/ToxCast_model/experiments/training/DART_MTL/data/seed_2/train_df.csv	/home1/won0316/_RESEARCH/0817_Genotoxicity/1_Git_upload/ChemBAI/ToxCast_model/experiments/training/DART_MTL/data/seed_2/fingerprints/train
1	ATG_BRE_CIS	gbt	Layered	/home1/won0316/_RESEARCH/0817_Genotoxicity/1_Git_upload/ChemBAI/ToxCast_model/experiments/training/DART_MTL/logs/seed_multi/multi_ATG_BRE_CIS_gbt_Layered.log	/home1/won0316/_RESEARCH/0817_Genotoxicity/1_Git_upload/ChemBAI/ToxCast_model/experiments/training/DART_MTL/results/backup/seed_1/ATG_BRE_CIS_gbt_Layered/model.joblib	/home1/won0316/_RESEARCH/0817_Genotoxicity/1_Git_upload/ChemBAI/ToxCast_model/experiments/training/DART_MTL/data/seed_1/train_df.csv	/home1/won0316/_RESEARCH/0817_Genotoxicity/1_Git_upload/ChemBAI/ToxCast_model/experiments/training/DART_MTL/data/seed_1/fingerprints/train
1	ATG_BRE_CIS	gbt	Pattern	/home1/won0316/_RESEARCH/0817_Genotoxicity/1_Git_upload/ChemBAI/ToxCast_model/experiments/training/DART_MTL/logs/seed_multi/multi_ATG_BRE_CIS_gbt_Pattern.log	/home1/won0316/_RESEARCH/0817_Genotoxicity/1_Git_upload/ChemBAI/ToxCast_model/experiments/training/DART_MTL/results/backup/seed_1/ATG_BRE_CIS_gbt_Pattern/model.joblib	/home1/won0316/_RESEARCH/0817_Genotoxicity/1_Git_upload/ChemBAI/ToxCast_model/experiments/training/DART_MTL/data/seed_1/train_df.csv	/home1/won0316/_RESEARCH/0817_Genotoxicity/1_Git_upload/ChemBAI/ToxCast_model/experiments/training/DART_MTL/data/seed_1/fingerprints/train
1	ATG_BRE_CIS	gbt	RDKit	/home1/won0316/_RESEARCH/0817_Genotoxicity/1_Git_upload/ChemBAI/ToxCast_model/experiments/training/DART_MTL/logs/seed_multi/multi_ATG_BRE_CIS_gbt_RDKit.log	/home1/won0316/_RESEARCH/0817_Genotoxicity/1_Git_upload/ChemBAI/ToxCast_model/experiments/training/DART_MTL/results/backup/seed_1/ATG_BRE_CIS_gbt_RDKit/model.joblib	/home1/won0316/_RESEARCH/0817_Genotoxicity/1_Git_upload/ChemBAI/ToxCast_model/experiments/training/DART_MTL/data/seed_1/train_df.csv	/home1/won0316/_RESEARCH/0817_Genotoxicity/1_Git_upload/ChemBAI/ToxCast_model/experiments/training/DART_MTL/data/seed_1/fingerprints/train
2	ATG_BRE_CIS	logistic	Layered	/home1/won0316/_RESEARCH/0817_Genotoxicity/1_Git_upload/ChemBAI/ToxCast_model/experiments/training/DART_MTL/logs/seed_multi/multi_ATG_BRE_CIS_logistic_Layered.log	/home1/won0316/_RESEARCH/0817_Genotoxicity/1_Git_upload/ChemBAI/ToxCast_model/experiments/training/DART_MTL/results/backup/seed_2/ATG_BRE_CIS_logistic_Layered/model.joblib	/home1/won0316/_RESEARCH/0817_Genotoxicity/1_Git_upload/ChemBAI/ToxCast_model/experiments/training/DART_MTL/data/seed_2/train_df.csv	/home1/won0316/_RESEARCH/0817_Genotoxicity/1_Git_upload/ChemBAI/ToxCast_model/experiments/training/DART_MTL/data/seed_2/fingerprints/train
2	ATG_BRE_CIS	logistic	Pattern	/home1/won0316/_RESEARCH/0817_Genotoxicity/1_Git_upload/ChemBAI/ToxCast_model/experiments/training/DART_MTL/logs/seed_multi/multi_ATG_BRE_CIS_logistic_Pattern.log	/home1/won0316/_RESEARCH/0817_Genotoxicity/1_Git_upload/ChemBAI/ToxCast_model/experiments/training/DART_MTL/results/backup/seed_2/ATG_BRE_CIS_logistic_Pattern/model.joblib	/home1/won0316/_RESEARCH/0817_Genotoxicity/1_Git_upload/ChemBAI/ToxCast_model/experiments/training/DART_MTL/data/seed_2/train_df.csv	/home1/won0316/_RESEARCH/0817_Genotoxicity/1_Git_upload/ChemBAI/ToxCast_model/experiments/training/DART_MTL/data/seed_2/fingerprints/train
2	ATG_BRE_CIS	logistic	RDKit	/home1/won0316/_RESEARCH/0817_Genotoxicity/1_Git_upload/ChemBAI/ToxCast_model/experiments/training/DART_MTL/logs/seed_multi/multi_ATG_BRE_CIS_logistic_RDKit.log	/home1/won0316/_RESEARCH/0817_Genotoxicity/1_Git_upload/ChemBAI/ToxCast_model/experiments/training/DART_MTL/results/backup/seed_2/ATG_BRE_CIS_logistic_RDKit/model.joblib	/home1/won0316/_RESEARCH/0817_Genotoxicity/1_Git_upload/ChemBAI/ToxCast_model/experiments/training/DART_MTL/data/seed_2/train_df.csv	/home1/won0316/_RESEARCH/0817_Genotoxicity/1_Git_upload/ChemBAI/ToxCast_model/experiments/training/DART_MTL/data/seed_2/fingerprints/train
1	ATG_DR5_RAR_CIS	gbt	Layered	/home1/won0316/_RESEARCH/0817_Genotoxicity/1_Git_upload/ChemBAI/ToxCast_model/experiments/training/DART_MTL/logs/seed_multi/multi_ATG_DR5_RAR_CIS_gbt_Layered.log	/home1/won0316/_RESEARCH/0817_Genotoxicity/1_Git_upload/ChemBAI/ToxCast_model/experiments/training/DART_MTL/results/backup/seed_1/ATG_DR5_RAR_CIS_gbt_Layered/model.joblib	/home1/won0316/_RESEARCH/0817_Genotoxicity/1_Git_upload/ChemBAI/ToxCast_model/experiments/training/DART_MTL/data/seed_1/train_df.csv	/home1/won0316/_RESEARCH/0817_Genotoxicity/1_Git_upload/ChemBAI/ToxCast_model/experiments/training/DART_MTL/data/seed_1/fingerprints/train
2	ATG_DR5_RAR_CIS	gbt	Layered	/home1/won0316/_RESEARCH/0817_Genotoxicity/1_Git_upload/ChemBAI/ToxCast_model/experiments/training/DART_MTL/logs/seed_multi/multi_ATG_DR5_RAR_CIS_gbt_Layered.log	/home1/won0316/_RESEARCH/0817_Genotoxicity/1_Git_upload/ChemBAI/ToxCast_model/experiments/training/DART_MTL/results/backup/seed_2/ATG_DR5_RAR_CIS_gbt_Layered/model.joblib	/home1/won0316/_RESEARCH/0817_Genotoxicity/1_Git_upload/ChemBAI/ToxCast_model/experiments/training/DART_MTL/data/seed_2/train_df.csv	/home1/won0316/_RESEARCH/0817_Genotoxicity/1_Git_upload/ChemBAI/ToxCast_model/experiments/training/DART_MTL/data/seed_2/fingerprints/train
1	ATG_DR5_RAR_CIS	gbt	Pattern	/home1/won0316/_RESEARCH/0817_Genotoxicity/1_Git_upload/ChemBAI/ToxCast_model/experiments/training/DART_MTL/logs/seed_multi/multi_ATG_DR5_RAR_CIS_gbt_Pattern.log	/home1/won0316/_RESEARCH/0817_Genotoxicity/1_Git_upload/ChemBAI/ToxCast_model/experiments/training/DART_MTL/results/backup/seed_1/ATG_DR5_RAR_CIS_gbt_Pattern/model.joblib	/home1/won0316/_RESEARCH/0817_Genotoxicity/1_Git_upload/ChemBAI/ToxCast_model/experiments/training/DART_MTL/data/seed_1/train_df.csv	/home1/won0316/_RESEARCH/0817_Genotoxicity/1_Git_upload/ChemBAI/ToxCast_model/experiments/training/DART_MTL/data/seed_1/fingerprints/train
2	ATG_DR5_RAR_CIS	gbt	Pattern	/home1/won0316/_RESEARCH/0817_Genotoxicity/1_Git_upload/ChemBAI/ToxCast_model/experiments/training/DART_MTL/logs/seed_multi/multi_ATG_DR5_RAR_CIS_gbt_Pattern.log	/home1/won0316/_RESEARCH/0817_Genotoxicity/1_Git_upload/ChemBAI/ToxCast_model/experiments/training/DART_MTL/results/backup/seed_2/ATG_DR5_RAR_CIS_gbt_Pattern/model.joblib	/home1/won0316/_RESEARCH/0817_Genotoxicity/1_Git_upload/ChemBAI/ToxCast_model/experiments/training/DART_MTL/data/seed_2/train_df.csv	/home1/won0316/_RESEARCH/0817_Genotoxicity/1_Git_upload/ChemBAI/ToxCast_model/experiments/training/DART_MTL/data/seed_2/fingerprints/train
1	ATG_DR5_RAR_CIS	gbt	RDKit	/home1/won0316/_RESEARCH/0817_Genotoxicity/1_Git_upload/ChemBAI/ToxCast_model/experiments/training/DART_MTL/logs/seed_multi/multi_ATG_DR5_RAR_CIS_gbt_RDKit.log	/home1/won0316/_RESEARCH/0817_Genotoxicity/1_Git_upload/ChemBAI/ToxCast_model/experiments/training/DART_MTL/results/backup/seed_1/ATG_DR5_RAR_CIS_gbt_RDKit/model.joblib	/home1/won0316/_RESEARCH/0817_Genotoxicity/1_Git_upload/ChemBAI/ToxCast_model/experiments/training/DART_MTL/data/seed_1/train_df.csv	/home1/won0316/_RESEARCH/0817_Genotoxicity/1_Git_upload/ChemBAI/ToxCast_model/experiments/training/DART_MTL/data/seed_1/fingerprints/train
2	ATG_DR5_RAR_CIS	gbt	RDKit	/home1/won0316/_RESEARCH/0817_Genotoxicity/1_Git_upload/ChemBAI/ToxCast_model/experiments/training/DART_MTL/logs/seed_multi/multi_ATG_DR5_RAR_CIS_gbt_RDKit.log	/home1/won0316/_RESEARCH/0817_Genotoxicity/1_Git_upload/ChemBAI/ToxCast_model/experiments/training/DART_MTL/results/backup/seed_2/ATG_DR5_RAR_CIS_gbt_RDKit/model.joblib	/home1/won0316/_RESEARCH/0817_Genotoxicity/1_Git_upload/ChemBAI/ToxCast_model/experiments/training/DART_MTL/data/seed_2/train_df.csv	/home1/won0316/_RESEARCH/0817_Genotoxicity/1_Git_upload/ChemBAI/ToxCast_model/experiments/training/DART_MTL/data/seed_2/fingerprints/train
2	ATG_DR5_RAR_CIS	logistic	Layered	/home1/won0316/_RESEARCH/0817_Genotoxicity/1_Git_upload/ChemBAI/ToxCast_model/experiments/training/DART_MTL/logs/seed_multi/multi_ATG_DR5_RAR_CIS_logistic_Layered.log	/home1/won0316/_RESEARCH/0817_Genotoxicity/1_Git_upload/ChemBAI/ToxCast_model/experiments/training/DART_MTL/results/backup/seed_2/ATG_DR5_RAR_CIS_logistic_Layered/model.joblib	/home1/won0316/_RESEARCH/0817_Genotoxicity/1_Git_upload/ChemBAI/ToxCast_model/experiments/training/DART_MTL/data/seed_2/train_df.csv	/home1/won0316/_RESEARCH/0817_Genotoxicity/1_Git_upload/ChemBAI/ToxCast_model/experiments/training/DART_MTL/data/seed_2/fingerprints/train
2	ATG_DR5_RAR_CIS	logistic	Pattern	/home1/won0316/_RESEARCH/0817_Genotoxicity/1_Git_upload/ChemBAI/ToxCast_model/experiments/training/DART_MTL/logs/seed_multi/multi_ATG_DR5_RAR_CIS_logistic_Pattern.log	/home1/won0316/_RESEARCH/0817_Genotoxicity/1_Git_upload/ChemBAI/ToxCast_model/experiments/training/DART_MTL/results/backup/seed_2/ATG_DR5_RAR_CIS_logistic_Pattern/model.joblib	/home1/won0316/_RESEARCH/0817_Genotoxicity/1_Git_upload/ChemBAI/ToxCast_model/experiments/training/DART_MTL/data/seed_2/train_df.csv	/home1/won0316/_RESEARCH/0817_Genotoxicity/1_Git_upload/ChemBAI/ToxCast_model/experiments/training/DART_MTL/data/seed_2/fingerprints/train
2	ATG_DR5_RAR_CIS	logistic	RDKit	/home1/won0316/_RESEARCH/0817_Genotoxicity/1_Git_upload/ChemBAI/ToxCast_model/experiments/training/DART_MTL/logs/seed_multi/multi_ATG_DR5_RAR_CIS_logistic_RDKit.log	/home1/won0316/_RESEARCH/0817_Genotoxicity/1_Git_upload/ChemBAI/ToxCast_model/experiments/training/DART_MTL/results/backup/seed_2/ATG_DR5_RAR_CIS_logistic_RDKit/model.joblib	/home1/won0316/_RESEARCH/0817_Genotoxicity/1_Git_upload/ChemBAI/ToxCast_model/experiments/training/DART_MTL/data/seed_2/train_df.csv	/home1/won0316/_RESEARCH/0817_Genotoxicity/1_Git_upload/ChemBAI/ToxCast_model/experiments/training/DART_MTL/data/seed_2/fingerprints/train
1	ATG_ERE_CIS	gbt	Layered	/home1/won0316/_RESEARCH/0817_Genotoxicity/1_Git_upload/ChemBAI/ToxCast_model/experiments/training/DART_MTL/logs/seed_multi/multi_ATG_ERE_CIS_gbt_Layered.log	/home1/won0316/_RESEARCH/0817_Genotoxicity/1_Git_upload/ChemBAI/ToxCast_model/experiments/training/DART_MTL/results/backup/seed_1/ATG_ERE_CIS_gbt_Layered/model.joblib	/home1/won0316/_RESEARCH/0817_Genotoxicity/1_Git_upload/ChemBAI/ToxCast_model/experiments/training/DART_MTL/data/seed_1/train_df.csv	/home1/won0316/_RESEARCH/0817_Genotoxicity/1_Git_upload/ChemBAI/ToxCast_model/experiments/training/DART_MTL/data/seed_1/fingerprints/train
2	ATG_ERE_CIS	gbt	Layered	/home1/won0316/_RESEARCH/0817_Genotoxicity/1_Git_upload/ChemBAI/ToxCast_model/experiments/training/DART_MTL/logs/seed_multi/multi_ATG_ERE_CIS_gbt_Layered.log	/home1/won0316/_RESEARCH/0817_Genotoxicity/1_Git_upload/ChemBAI/ToxCast_model/experiments/training/DART_MTL/results/backup/seed_2/ATG_ERE_CIS_gbt_Layered/model.joblib	/home1/won0316/_RESEARCH/0817_Genotoxicity/1_Git_upload/ChemBAI/ToxCast_model/experiments/training/DART_MTL/data/seed_2/train_df.csv	/home1/won0316/_RESEARCH/0817_Genotoxicity/1_Git_upload/ChemBAI/ToxCast_model/experiments/training/DART_MTL/data/seed_2/fingerprints/train
1	ATG_ERE_CIS	gbt	Pattern	/home1/won0316/_RESEARCH/0817_Genotoxicity/1_Git_upload/ChemBAI/ToxCast_model/experiments/training/DART_MTL/logs/seed_multi/multi_ATG_ERE_CIS_gbt_Pattern.log	/home1/won0316/_RESEARCH/0817_Genotoxicity/1_Git_upload/ChemBAI/ToxCast_model/experiments/training/DART_MTL/results/backup/seed_1/ATG_ERE_CIS_gbt_Pattern/model.joblib	/home1/won0316/_RESEARCH/0817_Genotoxicity/1_Git_upload/ChemBAI/ToxCast_model/experiments/training/DART_MTL/data/seed_1/train_df.csv	/home1/won0316/_RESEARCH/0817_Genotoxicity/1_Git_upload/ChemBAI/ToxCast_model/experiments/training/DART_MTL/data/seed_1/fingerprints/train
2	ATG_ERE_CIS	gbt	Pattern	/home1/won0316/_RESEARCH/0817_Genotoxicity/1_Git_upload/ChemBAI/ToxCast_model/experiments/training/DART_MTL/logs/seed_multi/multi_ATG_ERE_CIS_gbt_Pattern.log	/home1/won0316/_RESEARCH/0817_Genotoxicity/1_Git_upload/ChemBAI/ToxCast_model/experiments/training/DART_MTL/results/backup/seed_2/ATG_ERE_CIS_gbt_Pattern/model.joblib	/home1/won0316/_RESEARCH/0817_Genotoxicity/1_Git_upload/ChemBAI/ToxCast_model/experiments/training/DART_MTL/data/seed_2/train_df.csv	/home1/won0316/_RESEARCH/0817_Genotoxicity/1_Git_upload/ChemBAI/ToxCast_model/experiments/training/DART_MTL/data/seed_2/fingerprints/train
1	ATG_ERE_CIS	gbt	RDKit	/home1/won0316/_RESEARCH/0817_Genotoxicity/1_Git_upload/ChemBAI/ToxCast_model/experiments/training/DART_MTL/logs/seed_multi/multi_ATG_ERE_CIS_gbt_RDKit.log	/home1/won0316/_RESEARCH/0817_Genotoxicity/1_Git_upload/ChemBAI/ToxCast_model/experiments/training/DART_MTL/results/backup/seed_1/ATG_ERE_CIS_gbt_RDKit/model.joblib	/home1/won0316/_RESEARCH/0817_Genotoxicity/1_Git_upload/ChemBAI/ToxCast_model/experiments/training/DART_MTL/data/seed_1/train_df.csv	/home1/won0316/_RESEARCH/0817_Genotoxicity/1_Git_upload/ChemBAI/ToxCast_model/experiments/training/DART_MTL/data/seed_1/fingerprints/train
2	ATG_ERE_CIS	gbt	RDKit	/home1/won0316/_RESEARCH/0817_Genotoxicity/1_Git_upload/ChemBAI/ToxCast_model/experiments/training/DART_MTL/logs/seed_multi/multi_ATG_ERE_CIS_gbt_RDKit.log	/home1/won0316/_RESEARCH/0817_Genotoxicity/1_Git_upload/ChemBAI/ToxCast_model/experiments/training/DART_MTL/results/backup/seed_2/ATG_ERE_CIS_gbt_RDKit/model.joblib	/home1/won0316/_RESEARCH/0817_Genotoxicity/1_Git_upload/ChemBAI/ToxCast_model/experiments/training/DART_MTL/data/seed_2/train_df.csv	/home1/won0316/_RESEARCH/0817_Genotoxicity/1_Git_upload/ChemBAI/ToxCast_model/experiments/training/DART_MTL/data/seed_2/fingerprints/train
2	ATG_ERE_CIS	logistic	Layered	/home1/won0316/_RESEARCH/0817_Genotoxicity/1_Git_upload/ChemBAI/ToxCast_model/experiments/training/DART_MTL/logs/seed_multi/multi_ATG_ERE_CIS_logistic_Layered.log	/home1/won0316/_RESEARCH/0817_Genotoxicity/1_Git_upload/ChemBAI/ToxCast_model/experiments/training/DART_MTL/results/backup/seed_2/ATG_ERE_CIS_logistic_Layered/model.joblib	/home1/won0316/_RESEARCH/0817_Genotoxicity/1_Git_upload/ChemBAI/ToxCast_model/experiments/training/DART_MTL/data/seed_2/train_df.csv	/home1/won0316/_RESEARCH/0817_Genotoxicity/1_Git_upload/ChemBAI/ToxCast_model/experiments/training/DART_MTL/data/seed_2/fingerprints/train
2	ATG_ERE_CIS	logistic	Pattern	/home1/won0316/_RESEARCH/0817_Genotoxicity/1_Git_upload/ChemBAI/ToxCast_model/experiments/training/DART_MTL/logs/seed_multi/multi_ATG_ERE_CIS_logistic_Pattern.log	/home1/won0316/_RESEARCH/0817_Genotoxicity/1_Git_upload/ChemBAI/ToxCast_model/experiments/training/DART_MTL/results/backup/seed_2/ATG_ERE_CIS_logistic_Pattern/model.joblib	/home1/won0316/_RESEARCH/0817_Genotoxicity/1_Git_upload/ChemBAI/ToxCast_model/experiments/training/DART_MTL/data/seed_2/train_df.csv	/home1/won0316/_RESEARCH/0817_Genotoxicity/1_Git_upload/ChemBAI/ToxCast_model/experiments/training/DART_MTL/data/seed_2/fingerprints/train
2	ATG_ERE_CIS	logistic	RDKit	/home1/won0316/_RESEARCH/0817_Genotoxicity/1_Git_upload/ChemBAI/ToxCast_model/experiments/training/DART_MTL/logs/seed_multi/multi_ATG_ERE_CIS_logistic_RDKit.log	/home1/won0316/_RESEARCH/0817_Genotoxicity/1_Git_upload/ChemBAI/ToxCast_model/experiments/training/DART_MTL/results/backup/seed_2/ATG_ERE_CIS_logistic_RDKit/model.joblib	/home1/won0316/_RESEARCH/0817_Genotoxicity/1_Git_upload/ChemBAI/ToxCast_model/experiments/training/DART_MTL/data/seed_2/train_df.csv	/home1/won0316/_RESEARCH/0817_Genotoxicity/1_Git_upload/ChemBAI/ToxCast_model/experiments/training/DART_MTL/data/seed_2/fingerprints/train
1	ATG_HIF1a_CIS	gbt	Layered	/home1/won0316/_RESEARCH/0817_Genotoxicity/1_Git_upload/ChemBAI/ToxCast_model/experiments/training/DART_MTL/logs/seed_multi/multi_ATG_HIF1a_CIS_gbt_Layered.log	/home1/won0316/_RESEARCH/0817_Genotoxicity/1_Git_upload/ChemBAI/ToxCast_model/experiments/training/DART_MTL/results/backup/seed_1/ATG_HIF1a_CIS_gbt_Layered/model.joblib	/home1/won0316/_RESEARCH/0817_Genotoxicity/1_Git_upload/ChemBAI/ToxCast_model/experiments/training/DART_MTL/data/seed_1/train_df.csv	/home1/won0316/_RESEARCH/0817_Genotoxicity/1_Git_upload/ChemBAI/ToxCast_model/experiments/training/DART_MTL/data/seed_1/fingerprints/train
2	ATG_HIF1a_CIS	gbt	Layered	/home1/won0316/_RESEARCH/0817_Genotoxicity/1_Git_upload/ChemBAI/ToxCast_model/experiments/training/DART_MTL/logs/seed_multi/multi_ATG_HIF1a_CIS_gbt_Layered.log	/home1/won0316/_RESEARCH/0817_Genotoxicity/1_Git_upload/ChemBAI/ToxCast_model/experiments/training/DART_MTL/results/backup/seed_2/ATG_HIF1a_CIS_gbt_Layered/model.joblib	/home1/won0316/_RESEARCH/0817_Genotoxicity/1_Git_upload/ChemBAI/ToxCast_model/experiments/training/DART_MTL/data/seed_2/train_df.csv	/home1/won0316/_RESEARCH/0817_Genotoxicity/1_Git_upload/ChemBAI/ToxCast_model/experiments/training/DART_MTL/data/seed_2/fingerprints/train
1	ATG_HIF1a_CIS	gbt	Pattern	/home1/won0316/_RESEARCH/0817_Genotoxicity/1_Git_upload/ChemBAI/ToxCast_model/experiments/training/DART_MTL/logs/seed_multi/multi_ATG_HIF1a_CIS_gbt_Pattern.log	/home1/won0316/_RESEARCH/0817_Genotoxicity/1_Git_upload/ChemBAI/ToxCast_model/experiments/training/DART_MTL/results/backup/seed_1/ATG_HIF1a_CIS_gbt_Pattern/model.joblib	/home1/won0316/_RESEARCH/0817_Genotoxicity/1_Git_upload/ChemBAI/ToxCast_model/experiments/training/DART_MTL/data/seed_1/train_df.csv	/home1/won0316/_RESEARCH/0817_Genotoxicity/1_Git_upload/ChemBAI/ToxCast_model/experiments/training/DART_MTL/data/seed_1/fingerprints/train
2	ATG_HIF1a_CIS	gbt	Pattern	/home1/won0316/_RESEARCH/0817_Genotoxicity/1_Git_upload/ChemBAI/ToxCast_model/experiments/training/DART_MTL/logs/seed_multi/multi_ATG_HIF1a_CIS_gbt_Pattern.log	/home1/won0316/_RESEARCH/0817_Genotoxicity/1_Git_upload/ChemBAI/ToxCast_model/experiments/training/DART_MTL/results/backup/seed_2/ATG_HIF1a_CIS_gbt_Pattern/model.joblib	/home1/won0316/_RESEARCH/0817_Genotoxicity/1_Git_upload/ChemBAI/ToxCast_model/experiments/training/DART_MTL/data/seed_2/train_df.csv	/home1/won0316/_RESEARCH/0817_Genotoxicity/1_Git_upload/ChemBAI/ToxCast_model/experiments/training/DART_MTL/data/seed_2/fingerprints/train
1	ATG_HIF1a_CIS	gbt	RDKit	/home1/won0316/_RESEARCH/0817_Genotoxicity/1_Git_upload/ChemBAI/ToxCast_model/experiments/training/DART_MTL/logs/seed_multi/multi_ATG_HIF1a_CIS_gbt_RDKit.log	/home1/won0316/_RESEARCH/0817_Genotoxicity/1_Git_upload/ChemBAI/ToxCast_model/experiments/training/DART_MTL/results/backup/seed_1/ATG_HIF1a_CIS_gbt_RDKit/model.joblib	/home1/won0316/_RESEARCH/0817_Genotoxicity/1_Git_upload/ChemBAI/ToxCast_model/experiments/training/DART_MTL/data/seed_1/train_df.csv	/home1/won0316/_RESEARCH/0817_Genotoxicity/1_Git_upload/ChemBAI/ToxCast_model/experiments/training/DART_MTL/data/seed_1/fingerprints/train
2	ATG_HIF1a_CIS	gbt	RDKit	/home1/won0316/_RESEARCH/0817_Genotoxicity/1_Git_upload/ChemBAI/ToxCast_model/experiments/training/DART_MTL/logs/seed_multi/multi_ATG_HIF1a_CIS_gbt_RDKit.log	/home1/won0316/_RESEARCH/0817_Genotoxicity/1_Git_upload/ChemBAI/ToxCast_model/experiments/training/DART_MTL/results/backup/seed_2/ATG_HIF1a_CIS_gbt_RDKit/model.joblib	/home1/won0316/_RESEARCH/0817_Genotoxicity/1_Git_upload/ChemBAI/ToxCast_model/experiments/training/DART_MTL/data/seed_2/train_df.csv	/home1/won0316/_RESEARCH/0817_Genotoxicity/1_Git_upload/ChemBAI/ToxCast_model/experiments/training/DART_MTL/data/seed_2/fingerprints/train
2	ATG_HIF1a_CIS	logistic	Layered	/home1/won0316/_RESEARCH/0817_Genotoxicity/1_Git_upload/ChemBAI/ToxCast_model/experiments/training/DART_MTL/logs/seed_multi/multi_ATG_HIF1a_CIS_logistic_Layered.log	/home1/won0316/_RESEARCH/0817_Genotoxicity/1_Git_upload/ChemBAI/ToxCast_model/experiments/training/DART_MTL/results/backup/seed_2/ATG_HIF1a_CIS_logistic_Layered/model.joblib	/home1/won0316/_RESEARCH/0817_Genotoxicity/1_Git_upload/ChemBAI/ToxCast_model/experiments/training/DART_MTL/data/seed_2/train_df.csv	/home1/won0316/_RESEARCH/0817_Genotoxicity/1_Git_upload/ChemBAI/ToxCast_model/experiments/training/DART_MTL/data/seed_2/fingerprints/train
2	ATG_HIF1a_CIS	logistic	Pattern	/home1/won0316/_RESEARCH/0817_Genotoxicity/1_Git_upload/ChemBAI/ToxCast_model/experiments/training/DART_MTL/logs/seed_multi/multi_ATG_HIF1a_CIS_logistic_Pattern.log	/home1/won0316/_RESEARCH/0817_Genotoxicity/1_Git_upload/ChemBAI/ToxCast_model/experiments/training/DART_MTL/results/backup/seed_2/ATG_HIF1a_CIS_logistic_Pattern/model.joblib	/home1/won0316/_RESEARCH/0817_Genotoxicity/1_Git_upload/ChemBAI/ToxCast_model/experiments/training/DART_MTL/data/seed_2/train_df.csv	/home1/won0316/_RESEARCH/0817_Genotoxicity/1_Git_upload/ChemBAI/ToxCast_model/experiments/training/DART_MTL/data/seed_2/fingerprints/train
2	ATG_HIF1a_CIS	logistic	RDKit	/home1/won0316/_RESEARCH/0817_Genotoxicity/1_Git_upload/ChemBAI/ToxCast_model/experiments/training/DART_MTL/logs/seed_multi/multi_ATG_HIF1a_CIS_logistic_RDKit.log	/home1/won0316/_RESEARCH/0817_Genotoxicity/1_Git_upload/ChemBAI/ToxCast_model/experiments/training/DART_MTL/results/backup/seed_2/ATG_HIF1a_CIS_logistic_RDKit/model.joblib	/home1/won0316/_RESEARCH/0817_Genotoxicity/1_Git_upload/ChemBAI/ToxCast_model/experiments/training/DART_MTL/data/seed_2/train_df.csv	/home1/won0316/_RESEARCH/0817_Genotoxicity/1_Git_upload/ChemBAI/ToxCast_model/experiments/training/DART_MTL/data/seed_2/fingerprints/train
2	BSK_3C_uPAR	gbt	RDKit	/home1/won0316/_RESEARCH/0817_Genotoxicity/1_Git_upload/ChemBAI/ToxCast_model/experiments/training/DART_MTL/logs/seed_multi/multi_BSK_3C_uPAR_gbt_RDKit.log	/home1/won0316/_RESEARCH/0817_Genotoxicity/1_Git_upload/ChemBAI/ToxCast_model/experiments/training/DART_MTL/results/backup/seed_2/BSK_3C_uPAR_gbt_RDKit/model.joblib	/home1/won0316/_RESEARCH/0817_Genotoxicity/1_Git_upload/ChemBAI/ToxCast_model/experiments/training/DART_MTL/data/seed_2/train_df.csv	/home1/won0316/_RESEARCH/0817_Genotoxicity/1_Git_upload/ChemBAI/ToxCast_model/experiments/training/DART_MTL/data/seed_2/fingerprints/train
2	BSK_4H_MCP1	gbt	RDKit	/home1/won0316/_RESEARCH/0817_Genotoxicity/1_Git_upload/ChemBAI/ToxCast_model/experiments/training/DART_MTL/logs/seed_multi/multi_BSK_4H_MCP1_gbt_RDKit.log	/home1/won0316/_RESEARCH/0817_Genotoxicity/1_Git_upload/ChemBAI/ToxCast_model/experiments/training/DART_MTL/results/backup/seed_2/BSK_4H_MCP1_gbt_RDKit/model.joblib	/home1/won0316/_RESEARCH/0817_Genotoxicity/1_Git_upload/ChemBAI/ToxCast_model/experiments/training/DART_MTL/data/seed_2/train_df.csv	/home1/won0316/_RESEARCH/0817_Genotoxicity/1_Git_upload/ChemBAI/ToxCast_model/experiments/training/DART_MTL/data/seed_2/fingerprints/train
2	BSK_BE3C_PAI1	gbt	RDKit	/home1/won0316/_RESEARCH/0817_Genotoxicity/1_Git_upload/ChemBAI/ToxCast_model/experiments/training/DART_MTL/logs/seed_multi/multi_BSK_BE3C_PAI1_gbt_RDKit.log	/home1/won0316/_RESEARCH/0817_Genotoxicity/1_Git_upload/ChemBAI/ToxCast_model/experiments/training/DART_MTL/results/backup/seed_2/BSK_BE3C_PAI1_gbt_RDKit/model.joblib	/home1/won0316/_RESEARCH/0817_Genotoxicity/1_Git_upload/ChemBAI/ToxCast_model/experiments/training/DART_MTL/data/seed_2/train_df.csv	/home1/won0316/_RESEARCH/0817_Genotoxicity/1_Git_upload/ChemBAI/ToxCast_model/experiments/training/DART_MTL/data/seed_2/fingerprints/train
2	BSK_CASM3C_uPAR	gbt	RDKit	/home1/won0316/_RESEARCH/0817_Genotoxicity/1_Git_upload/ChemBAI/ToxCast_model/experiments/training/DART_MTL/logs/seed_multi/multi_BSK_CASM3C_uPAR_gbt_RDKit.log	/home1/won0316/_RESEARCH/0817_Genotoxicity/1_Git_upload/ChemBAI/ToxCast_model/experiments/training/DART_MTL/results/backup/seed_2/BSK_CASM3C_uPAR_gbt_RDKit/model.joblib	/home1/won0316/_RESEARCH/0817_Genotoxicity/1_Git_upload/ChemBAI/ToxCast_model/experiments/training/DART_MTL/data/seed_2/train_df.csv	/home1/won0316/_RESEARCH/0817_Genotoxicity/1_Git_upload/ChemBAI/ToxCast_model/experiments/training/DART_MTL/data/seed_2/fingerprints/train
2	BSK_hDFCGF_PAI1	gbt	Layered	/home1/won0316/_RESEARCH/0817_Genotoxicity/1_Git_upload/ChemBAI/ToxCast_model/experiments/training/DART_MTL/logs/seed_multi/multi_BSK_hDFCGF_PAI1_gbt_Layered.log	/home1/won0316/_RESEARCH/0817_Genotoxicity/1_Git_upload/ChemBAI/ToxCast_model/experiments/training/DART_MTL/results/backup/seed_2/BSK_hDFCGF_PAI1_gbt_Layered/model.joblib	/home1/won0316/_RESEARCH/0817_Genotoxicity/1_Git_upload/ChemBAI/ToxCast_model/experiments/training/DART_MTL/data/seed_2/train_df.csv	/home1/won0316/_RESEARCH/0817_Genotoxicity/1_Git_upload/ChemBAI/ToxCast_model/experiments/training/DART_MTL/data/seed_2/fingerprints/train
2	BSK_hDFCGF_PAI1	gbt	RDKit	/home1/won0316/_RESEARCH/0817_Genotoxicity/1_Git_upload/ChemBAI/ToxCast_model/experiments/training/DART_MTL/logs/seed_multi/multi_BSK_hDFCGF_PAI1_gbt_RDKit.log	/home1/won0316/_RESEARCH/0817_Genotoxicity/1_Git_upload/ChemBAI/ToxCast_model/experiments/training/DART_MTL/results/backup/seed_2/BSK_hDFCGF_PAI1_gbt_RDKit/model.joblib	/home1/won0316/_RESEARCH/0817_Genotoxicity/1_Git_upload/ChemBAI/ToxCast_model/experiments/training/DART_MTL/data/seed_2/train_df.csv	/home1/won0316/_RESEARCH/0817_Genotoxicity/1_Git_upload/ChemBAI/ToxCast_model/experiments/training/DART_MTL/data/seed_2/fingerprints/train
